round,train_loss,avg_train_acc,test_acc,test_loss
100,-0.9233142076681057,0.9000000000000008,0.9061,-68.62555104494095
