round,train_loss,avg_train_acc,test_acc,test_loss
100,-0.10069797933101654,0.016666666666666656,0.2642,-8.904569409787655
