round,train_loss,avg_train_acc,test_acc,test_loss
100,-0.8444236689805986,0.8499999999999993,0.9104,-70.89281713962555
