round,train_loss,avg_train_acc,test_acc,test_loss
100,-0.11322144225239754,0.1833333333333335,0.2696,-8.98883593082428
