round,train_loss,avg_train_acc,test_acc,test_loss
100,-0.12797950804233552,0.15000000000000024,0.2763,-10.197917088866234
