round,train_loss,avg_train_acc,test_acc,test_loss
150,-0.7408513116836548,0.766666666666666,0.8805,-65.72183388471603
