round,train_loss,avg_train_acc,test_acc,test_loss
100,-0.11824595928192139,0.016666666666666656,0.2183,-9.337691217660904
