round,train_loss,avg_train_acc,test_acc,test_loss
100,-0.13301922500133515,0.533333333333333,0.2841,-10.087532103061676
