round,train_loss,avg_train_acc,test_acc,test_loss
100,-0.11937023475766181,0.19999999999999962,0.2889,-9.53380512446165
