round,train_loss,avg_train_acc,test_acc,test_loss
100,-0.839948084522039,0.9166666666666674,0.9134,-70.72597581148148
