round,train_loss,avg_train_acc,test_acc,test_loss
100,-0.11613884121179581,0.9333333333333335,0.2521,-9.333467490971088
