round,train_loss,avg_train_acc,test_acc,test_loss
150,-0.5577492547035217,0.6666666666666659,0.6487,-48.366024762392044
