round,train_loss,avg_train_acc,test_acc,test_loss
100,-0.11927831448614597,0.11666666666666668,0.2906,-9.495687022805214
